epoch,train_loss,val_loss,lr
0,0.2818581759929657,0.09310793876647949,5.061224489795918e-06
1,0.05356139317154884,0.018440527841448784,9.122448979591835e-06
2,0.02103964425623417,0.009808291681110859,1.3183673469387753e-05
3,0.014365091919898987,0.008975421078503132,1.724489795918367e-05
4,0.012322536669671535,0.006455344147980213,2.1306122448979588e-05
5,0.009633179754018784,0.007967518642544746,2.5367346938775505e-05
6,0.008155516348779202,0.007201665546745062,2.9428571428571423e-05
7,0.007165264338254929,0.005715230945497751,3.3489795918367344e-05
8,0.006370712071657181,0.004549989476799965,3.7551020408163264e-05
9,0.005941917188465595,0.003936226479709148,4.1612244897959185e-05
10,0.005371118895709515,0.007369764149188995,4.5673469387755106e-05
11,0.0047898623161017895,0.004013681318610907,4.973469387755103e-05
12,0.004975057207047939,0.004167390055954456,5.379591836734695e-05
13,0.004264147952198982,0.002471775747835636,5.785714285714287e-05
14,0.0044580865651369095,0.0025219921953976154,6.191836734693878e-05
15,0.004601127002388239,0.003271691268309951,6.59795918367347e-05
16,0.0037851515226066113,0.002376564545556903,7.004081632653062e-05
17,0.0041158865205943584,0.0030519349966198206,7.410204081632655e-05
18,0.0037157651968300343,0.0037090745754539967,7.816326530612247e-05
19,0.003849913366138935,0.0020103047136217356,8.222448979591839e-05
20,0.003452132223173976,0.0018317343201488256,8.628571428571431e-05
21,0.0036000553518533707,0.002771783620119095,9.034693877551023e-05
22,0.0034450432285666466,0.003643541131168604,9.440816326530615e-05
23,0.003459486411884427,0.005486773326992989,9.846938775510207e-05
24,0.0035578457172960043,0.0021040174178779125,0.00010253061224489799
25,0.0032490005251020193,0.0017200594302266836,0.00010659183673469391
26,0.0032881470397114754,0.0032456032931804657,0.00011065306122448983
27,0.003241803962737322,0.004361542873084545,0.00011471428571428575
28,0.003044054377824068,0.0052741398103535175,0.00011877551020408167
29,0.0033775486517697573,0.0025397236458957195,0.0001228367346938776
30,0.002825300209224224,0.0018712697783485055,0.00012689795918367352
31,0.002949019195511937,0.002269016345962882,0.00013095918367346944
32,0.0029217922128736973,0.0023460236843675375,0.00013502040816326536
33,0.0032040115911513567,0.001845017308369279,0.00013908163265306128
34,0.0032623461447656155,0.00248061609454453,0.0001431428571428572
35,0.0028649179730564356,0.004999465774744749,0.00014720408163265312
36,0.002863821107894182,0.0017387240659445524,0.00015126530612244904
37,0.0030430119950324297,0.001733475481159985,0.00015532653061224496
38,0.002838375512510538,0.002688279142603278,0.00015938775510204088
39,0.0024971324019134045,0.0015044468455016613,0.0001634489795918368
40,0.0025484715588390827,0.0017109186155721545,0.00016751020408163272
41,0.0026948978193104267,0.001518772216513753,0.00017157142857142865
42,0.0031381482258439064,0.002016328740864992,0.00017563265306122457
43,0.0028958048205822706,0.0021158037707209587,0.0001796938775510205
44,0.0026615329552441835,0.002281368477270007,0.0001837551020408164
45,0.002307273680344224,0.0029148149769753218,0.00018781632653061233
46,0.002712476532906294,0.0029191619250923395,0.00019187755102040825
47,0.002809440717101097,0.002633442170917988,0.00019593877551020417
48,0.0025124719832092524,0.0016205350402742624,0.0002000000000000001
49,0.002822627779096365,0.0022087281104177237,0.0002
50,0.0025164522230625153,0.001859581912867725,0.00019999945320801072
51,0.002345137996599078,0.002138413256034255,0.00019999781283802247
52,0.0024245395325124264,0.003994496073573828,0.00019999507890797408
53,0.002493298612535,0.0036770955193787813,0.0001999912514477634
54,0.002547097159549594,0.0020733559504151344,0.00019998633049924693
55,0.002482478739693761,0.0028098952025175095,0.0001999803161162393
56,0.0023089523892849684,0.0022201172541826963,0.0001999732083645129
57,0.0022047453094273806,0.0016861698823049664,0.00019996500732179695
58,0.002349640941247344,0.00217874301597476,0.00019995571307777674
59,0.0022920817136764526,0.0015372075140476227,0.00019994532573409262
60,0.0021985333878546953,0.0014637310523539782,0.00019993384540433894
61,0.002042289823293686,0.0017640944570302963,0.00019992127221406275
62,0.0023242684546858072,0.0016274936497211456,0.0001999076063007624
63,0.0023146725725382566,0.002007052069529891,0.0001998928478138862
64,0.0020669037476181984,0.0014048605225980282,0.0001998769969148305
65,0.0021660670172423124,0.002508664270862937,0.00019986005377693828
66,0.0020740050822496414,0.0017149362247437239,0.00019984201858549695
67,0.002131379209458828,0.0022656593937426805,0.00019982289153773648
68,0.0021742985118180513,0.002650900511071086,0.0001998026728428272
69,0.0020847239065915346,0.0021809018217027187,0.0001997813627218775
70,0.00221501593478024,0.0028737697284668684,0.00019975896140793145
71,0.001888756058178842,0.0022691336926072836,0.00019973546914596625
72,0.0020444688852876425,0.0019253675127401948,0.00019971088619288955
73,0.0020380800124257803,0.0018025439931079745,0.0001996852128175365
74,0.0022449209354817867,0.0017098311800509691,0.00019965844930066706
75,0.002005160553380847,0.0012668276904150844,0.00019963059593496274
76,0.0020983077120035887,0.0016443205531686544,0.00019960165302502353
77,0.002018009079620242,0.0014432263560593128,0.00019957162088736442
78,0.001989897806197405,0.0014624021714553237,0.0001995404998504121
79,0.002006997587159276,0.0025243761483579874,0.0001995082902545012
80,0.0021321852691471577,0.0013304267777130008,0.0001994749924518707
81,0.0020002475939691067,0.001236297539435327,0.00019944060680666007
82,0.001882583019323647,0.0028231884352862835,0.0001994051336949052
83,0.0017863954417407513,0.0015050910878926516,0.00019936857350453434
84,0.001999729312956333,0.0012288967845961452,0.00019933092663536388
85,0.0017609096830710769,0.0015212880680337548,0.00019929219349909397
86,0.0018018665723502636,0.0013572004390880466,0.00019925237451930397
87,0.0019229744793847203,0.0015968531370162964,0.00019921147013144785
88,0.0019276849925518036,0.001900305855087936,0.00019916948078284945
89,0.0018702666275203228,0.002212804974988103,0.00019912640693269757
90,0.0021112924441695213,0.0028381911106407642,0.00019908224905204093
91,0.0017861829837784171,0.0015731099992990494,0.00019903700762378306
92,0.0018039870774373412,0.0013565791305154562,0.00019899068314267694
93,0.0017718460876494646,0.002008360344916582,0.00019894327611531964
94,0.002008215757086873,0.0019970110151916742,0.0001988947870601469
95,0.0019175646593794227,0.001485692453570664,0.0001988452165074272
96,0.0019923110958188772,0.0015524608315899968,0.0001987945649992562
97,0.0018537620780989528,0.0026282216422259808,0.00019874283308955062
98,0.0017401258228346705,0.0014765782980248332,0.0001986900213440424
99,0.0020207285415381193,0.0016241294797509909,0.0001986361303402723
100,0.0018111951649188995,0.0017469106242060661,0.00019858116066758368
101,0.0016776034608483315,0.001930150669068098,0.00019852511292711613
102,0.0017481630202382803,0.0014745885273441672,0.0001984679877317987
103,0.001690782723017037,0.0023145992308855057,0.00019840978570634342
104,0.001808496075682342,0.001752590760588646,0.0001983505074872383
105,0.00171269744168967,0.0015794547507539392,0.00019829015372274043
106,0.001785379834473133,0.0017200259026139975,0.00019822872507286893
107,0.0017408187268301845,0.001457903184928,0.00019816622220939766
108,0.001624737516976893,0.0022762506268918514,0.00019810264581584792
109,0.0017019764054566622,0.0011960305273532867,0.000198037996587481
110,0.001773197902366519,0.0015262736706063151,0.00019797227523129046
111,0.001761508290655911,0.001317539718002081,0.00019790548246599452
112,0.001891782390885055,0.0015452220104634762,0.00019783761902202819
113,0.0018182839266955853,0.00206020032055676,0.00019776868564153521
114,0.0017272310797125101,0.0015204852679744363,0.00019769868307836
115,0.0017695969436317682,0.0012483028694987297,0.00019762761209803932
116,0.0018603017088025808,0.0020629800856113434,0.00019755547347779408
117,0.0016431064577773213,0.001180809922516346,0.00019748226800652064
118,0.0017160145798698068,0.0015184126095846295,0.00019740799648478236
119,0.0019793121609836817,0.0023630596697330475,0.00019733265972480063
120,0.0017530468758195639,0.0010897456668317318,0.0001972562585504462
121,0.001793643576093018,0.0013997327769175172,0.00019717879379723012
122,0.0017360178753733635,0.0013088317355141044,0.0001971002663122945
123,0.0016282793367281556,0.0013479710323736072,0.00019702067695440332
124,0.001741735846735537,0.0012312490725889802,0.00019694002659393305
125,0.0016689476324245334,0.00132410426158458,0.00019685831611286313
126,0.0017993703950196505,0.0024017207324504852,0.00019677554640476627
127,0.001817758777178824,0.002240603556856513,0.00019669171837479873
128,0.0018349988386034966,0.0015773483319208026,0.00019660683293969041
129,0.0015728550497442484,0.001843648380599916,0.00019652089102773488
130,0.001756499637849629,0.0015954136615619063,0.00019643389357877907
131,0.0016900710761547089,0.0013303370214998722,0.00019634584154421317
132,0.0016655029030516744,0.001560346456244588,0.0001962567358869601
133,0.0016420104075223207,0.004724895115941763,0.00019616657758146506
134,0.0017401379300281405,0.0013341644080355763,0.00019607536761368484
135,0.0016577931819483638,0.0016733015654608607,0.00019598310698107702
136,0.0016711335629224777,0.0013844460481777787,0.00019588979669258913
137,0.0016328328056260943,0.0025593151804059744,0.0001957954377686475
138,0.0017940294928848743,0.0010552499443292618,0.0001957000312411462
139,0.0016248398460447788,0.0016161493258550763,0.00019560357815343577
140,0.0016906866803765297,0.0013340680161491036,0.0001955060795603117
141,0.0016908380202949047,0.0014106550952419639,0.000195407536528003
142,0.001789901521988213,0.0017562457360327244,0.00019530795013416046
143,0.0017533993814140558,0.0012748782755807042,0.0001952073214678449
144,0.0015080909943208098,0.0016662102425470948,0.00019510565162951534
145,0.0016239045653492212,0.0012130539398640394,0.00019500294173101685
146,0.0016453965799883008,0.0014028922887519002,0.0001948991928955684
147,0.0017301271436735988,0.001436948194168508,0.00019479440625775064
148,0.0016258511459454894,0.0012019064743071795,0.00019468858296349344
149,0.0015626390231773257,0.0017976980889216065,0.0001945817241700634
150,0.0016655296785756946,0.0013741151196882129,0.0001944738310460512
151,0.001565993414260447,0.0015604528598487377,0.0001943649047713587
152,0.0017078842502087355,0.0013933556620031595,0.0001942549465371862
153,0.0015418085968121886,0.0021419269032776356,0.0001941439575460194
154,0.001629771082662046,0.001300991396419704,0.00019403193901161605
155,0.0016803855542093515,0.001322583993896842,0.0001939188921589929
156,0.0018971723038703203,0.0015601505292579532,0.00019380481822441227
157,0.0014585452154278755,0.0011998382396996021,0.00019368971845536837
158,0.0017203883035108447,0.0012697117635980248,0.0001935735941105739
159,0.0015342491678893566,0.0017907238798215985,0.00019345644645994602
160,0.0015151285333558917,0.001282299985177815,0.0001933382767845927
161,0.001561653334647417,0.0011812482262030244,0.0001932190863767986
162,0.0014312568819150329,0.0011644946644082665,0.00019309887654001088
163,0.001514848438091576,0.0013503589434549212,0.00019297764858882506
164,0.0015963605837896466,0.0013070068089291453,0.00019285540384897062
165,0.0018502663588151336,0.0011538368416950107,0.00019273214365729644
166,0.0015870308270677924,0.0016283872537314892,0.00019260786936175624
167,0.001532433438114822,0.0014654293190687895,0.00019248258232139377
168,0.001653689076192677,0.0010922877117991447,0.00019235628390632808
169,0.001533421571366489,0.001372586702927947,0.00019222897549773835
170,0.001505684689618647,0.0027008666656911373,0.00019210065848784897
171,0.001666481257416308,0.0010070324642583728,0.0001919713342799142
172,0.0015856203390285373,0.0012410079361870885,0.00019184100428820284
173,0.001525268075056374,0.0012567007215693593,0.00019170966993798283
174,0.0014819124480709434,0.00129995949100703,0.00019157733266550556
175,0.001547622843645513,0.0015091809909790754,0.00019144399391799025
176,0.0017287838272750378,0.0011743054492399096,0.0001913096551536081
177,0.0015600182814523578,0.001553255831822753,0.00019117431784146626
178,0.0016277857357636094,0.003832675749436021,0.00019103798346159194
179,0.0016573816537857056,0.0016256006201729178,0.00019090065350491607
180,0.0015731462044641376,0.0014496685471385717,0.00019076232947325703
181,0.0015462395967915654,0.0013774060644209385,0.00019062301287930427
182,0.0016081597423180938,0.001792139490135014,0.00019048270524660177
183,0.0016111460281535983,0.0011557354591786861,0.0001903414081095313
184,0.0015931999078020453,0.0014513450441882014,0.0001901991230132957
185,0.0014590135542675853,0.0011721275513991714,0.00019005585151390201
186,0.001497889868915081,0.0013139077927917242,0.0001899115951781444
187,0.0015619801124557853,0.0011283985804766417,0.000189766355583587
188,0.0014956190716475248,0.0012036238331347704,0.00018962013431854684
189,0.0016457403544336557,0.0012415286619216204,0.00018947293298207616
190,0.0015670459251850843,0.0012651573633775115,0.00018932475318394522
191,0.0015586171066388488,0.0012685508700087667,0.00018917559654462455
192,0.0014963110443204641,0.0015076239360496402,0.00018902546469526724
193,0.0014122352004051208,0.0014143825974315405,0.00018887435927769118
194,0.0015300001250579953,0.0017484485870227218,0.000188722281944361
195,0.0014839061768725514,0.001638706075027585,0.00018856923435837003
196,0.001515073236078024,0.0015628940891474485,0.00018841521819342217
197,0.0014966661110520363,0.0018918679561465979,0.0001882602351338135
198,0.0015551107935607433,0.0012401998974382877,0.00018810428687441395
199,0.0015295651974156499,0.0012385280570015311,0.00018794737512064873
200,0.0016008134698495269,0.0016986401751637459,0.0001877895015884796
201,0.0014959395630285144,0.0012655024183914065,0.0001876306680043862
202,0.0014279765309765935,0.0014474490890279412,0.0001874708761053472
203,0.001474800519645214,0.001049885875545442,0.00018731012763882114
204,0.001454205485060811,0.001454756362363696,0.00018714842436272757
205,0.0016896872548386455,0.001302938675507903,0.0001869857680454276
206,0.0014956556260585785,0.0011839268263429403,0.00018682216046570462
207,0.0014382856898009777,0.0038383633363991976,0.0001866576034127449
208,0.0015156135195866227,0.0010445615043863654,0.00018649209868611808
209,0.001559969736263156,0.0013921974459663033,0.00018632564809575725
210,0.001646550139412284,0.0016656668158248067,0.00018615825346193944
211,0.0014179024146869779,0.0017374127637594938,0.00018598991661526558
212,0.0015344413695856929,0.0008822646923363209,0.0001858206393966404
213,0.0015586972003802657,0.0014246779028326273,0.00018565042365725247
214,0.0015476307598873973,0.0012130553368479013,0.0001854792712585538
215,0.001425070920959115,0.0012502141762524843,0.00018530718407223963
216,0.0015168021200224757,0.0012700405204668641,0.0001851341639802279
217,0.0015226895920932293,0.0014746235683560371,0.0001849602128746386
218,0.0015033605741336942,0.0013895864831283689,0.00018478533265777307
219,0.0014570417115464807,0.001487851026467979,0.00018460952524209344
220,0.0016494315350428224,0.001284176018089056,0.0001844327925502014
221,0.0014568711631000042,0.0014890261227265,0.00018425513651481736
222,0.001482471008785069,0.0013542320812121034,0.00018407655907875928
223,0.0014995841775089502,0.0015832217177376151,0.00018389706219492136
224,0.001432998338714242,0.001154547557234764,0.00018371664782625277
225,0.0014941656263545156,0.0013639192329719663,0.00018353531794573614
226,0.0015667179832234979,0.001181491301394999,0.00018335307453636602
227,0.0014580348506569862,0.00119386101141572,0.00018316991959112708
228,0.0014378109481185675,0.0015383955324068666,0.0001829858551129725
229,0.0015062418533489108,0.0011183946626260877,0.0001828008831148019
230,0.001486048218794167,0.0016164008993655443,0.00018261500561943944
231,0.0014414063189178705,0.0020098381210118532,0.00018242822465961163
232,0.001693300437182188,0.0010497327893972397,0.0001822405422779251
233,0.0014955459628254175,0.0014258004957810044,0.00018205196052684434
234,0.0014770164852961898,0.0013157945359125733,0.00018186248146866913
235,0.0014804396778345108,0.0012734869960695505,0.0001816721071755121
236,0.0014232152607291937,0.0015869110357016325,0.00018148083972927605
237,0.001379889203235507,0.0027270347345620394,0.00018128868122163112
238,0.0014316312735900283,0.0018415164668112993,0.0001810956337539919
239,0.0014882624382153153,0.0012481946032494307,0.00018090169943749465
240,0.0014395187608897686,0.0015314585762098432,0.00018070688039297395
241,0.0014733601128682494,0.0012595107546076179,0.00018051117875093968
242,0.0014817133778706193,0.0012850628700107336,0.00018031459665155357
243,0.0014041437534615397,0.001730619347654283,0.00018011713624460602
244,0.001399212866090238,0.0012306508142501116,0.0001799187996894924
245,0.0013986654812470078,0.0011528900358825922,0.00017971958915518954
246,0.0014655864797532558,0.0011819908395409584,0.00017951950682023183
247,0.001485290820710361,0.0012094479752704501,0.00017931855487268773
248,0.0016402082983404398,0.001076273969374597,0.00017911673551013546
249,0.0016318624839186668,0.0012385762529447675,0.00017891405093963932
250,0.001444246619939804,0.0012402829015627503,0.00017871050337772522
251,0.0014544458827003837,0.0016001906478777528,0.0001785060950503567
252,0.001431743148714304,0.0009560160688124597,0.00017830082819291052
253,0.0014019381487742066,0.0011697246227413416,0.0001780947050501521
254,0.0014250032836571336,0.001143205794505775,0.00017788772787621118
255,0.001428520306944847,0.001203458639793098,0.00017767989893455687
256,0.0014132268261164427,0.0016849515959620476,0.00017747122049797327
257,0.0014744577929377556,0.0012535621644929051,0.00017726169484853427
258,0.0014222414465621114,0.0013547075213864446,0.0001770513242775788
259,0.0014413197059184313,0.0011094342917203903,0.0001768401110856858
260,0.0015631169080734253,0.0012135427678003907,0.00017662805758264882
261,0.0013554948382079601,0.0014498052187263966,0.00017641516608745103
262,0.0014920616522431374,0.0012656815815716982,0.0001762014389282397
263,0.0013429600512608886,0.0013299741549417377,0.00017598687844230077
264,0.001459718681871891,0.0012118275044485927,0.0001757714869760334
265,0.0013305088505148888,0.0017541212728247046,0.0001755552668849241
266,0.0015609503025189042,0.0012520025484263897,0.0001753382205335212
267,0.001386367715895176,0.0018377762753516436,0.00017512035029540877
268,0.0014443175168707967,0.001296617672778666,0.00017490165855318086
269,0.0016084943199530244,0.0013615167699754238,0.0001746821476984153
270,0.0013379183365032077,0.001682303729467094,0.00017446182013164768
271,0.001431149197742343,0.0015585124492645264,0.00017424067826234493
272,0.0013208151794970036,0.0012788932071998715,0.0001740187245088791
273,0.0014063456328585744,0.0012827197788283229,0.0001737959612985009
274,0.001484110951423645,0.0016620306996628642,0.0001735723910673131
275,0.0014149582711979747,0.0013170778984203935,0.0001733480162602439
276,0.0014148462796583772,0.00202064192853868,0.00017312283933102027
277,0.0015231785364449024,0.0012935289414599538,0.00017289686274214104
278,0.0014130391646176577,0.0018484275788068771,0.00017267008896484998
279,0.0014465930871665478,0.0015519799198955297,0.0001724425204791088
280,0.0014089527539908886,0.0014904382405802608,0.00017221415977356993
281,0.0012796880910173059,0.0011728086974471807,0.00017198500934554952
282,0.0014459694502875209,0.0011294690193608403,0.00017175507170099995
283,0.0015950655797496438,0.0013469003606587648,0.00017152434935448243
284,0.0014456144999712706,0.001239123521372676,0.0001712928448291396
285,0.0013338219141587615,0.001471261726692319,0.0001710605606566678
286,0.001372360740788281,0.0011790728894993663,0.0001708274993772896
287,0.0013326798798516393,0.0014903955161571503,0.0001705936635397258
288,0.0013641581172123551,0.00211915816180408,0.00017035905570116758
289,0.0014352292055264115,0.000940755766350776,0.00017012367842724876
290,0.0015159934991970658,0.0012474494287744164,0.00016988753429201744
291,0.0013883222127333283,0.0014836493646726012,0.00016965062587790812
292,0.001453028991818428,0.001312923850491643,0.0001694129557757132
293,0.0013818338047713041,0.0012534565757960081,0.00016917452658455487
294,0.0014512743800878525,0.0017096024239435792,0.00016893534091185652
295,0.001316613401286304,0.0011948554310947657,0.00016869540137331437
296,0.00134377705398947,0.0012622707290574908,0.0001684547105928688
297,0.0014008611906319857,0.0013626471627503633,0.0001682132712026756
298,0.0013129698345437646,0.0016769279027357697,0.00016797108584307724
299,0.0014701503096148372,0.00217175530269742,0.00016772815716257404
300,0.0014924675924703479,0.001164098153822124,0.0001674844878177951
301,0.0013565607368946075,0.001233311602845788,0.00016724008047346936
302,0.0013850522227585316,0.0013098586350679398,0.0001669949378023964
303,0.0013740466674789786,0.0011932436609640718,0.00016674906248541718
304,0.0015022028237581253,0.001194216776639223,0.00016650245721138473
305,0.0012774202041327953,0.0011354915332049131,0.00016625512467713488
306,0.0014263313496485353,0.0012565450742840767,0.00016600706758745657
307,0.0014448887668550014,0.0012017397675663233,0.0001657582886550624
308,0.001508860383182764,0.001168354065157473,0.00016550879060055887
309,0.0013270881026983261,0.0014623325550928712,0.0001652585761524168
310,0.0013071735156700015,0.0012820125557482243,0.00016500764804694125
311,0.0014385867398232222,0.0011528939940035343,0.0001647560090282418
312,0.0013181772083044052,0.0011846484849229455,0.00016450366184820247
313,0.0013281548162922263,0.0014959487598389387,0.0001642506092664516
314,0.0013310026843100786,0.001188426511362195,0.00016399685405033156
315,0.001362785347737372,0.001295947004109621,0.00016374239897486888
316,0.0013737850822508335,0.0013485504314303398,0.00016348724682274345
317,0.0014120325213298202,0.0020464740227907896,0.0001632314003842583
318,0.0013638550881296396,0.001192758441902697,0.00016297486245730916
319,0.0014082490233704448,0.001217841636389494,0.0001627176358473536
320,0.001257368829101324,0.0020217113196849823,0.0001624597233673807
321,0.0013532325392588973,0.0014194221002981067,0.00016220112783787996
322,0.0013552602613344789,0.0010557201458141208,0.00016194185208681072
323,0.0013762639136984944,0.001238838187418878,0.000161681898949571
324,0.0013734200038015842,0.001347778714261949,0.0001614212712689667
325,0.0013974494067952037,0.0010354359401389956,0.00016115997189518035
326,0.0013575602788478136,0.0012639445485547185,0.00016089800368574003
327,0.001505358493886888,0.0012898887507617474,0.00016063536950548815
328,0.0013242948334664106,0.0010218052193522453,0.00016037207222654998
329,0.0013637595111504197,0.0013797321589663625,0.0001601081147283024
330,0.0012876784894615412,0.0013216574443504214,0.00015984349989734236
331,0.0014704758068546653,0.0016781451413407922,0.00015957823062745519
332,0.0013692937791347504,0.001292204251512885,0.00015931230981958315
333,0.0013694614171981812,0.0009597275056876242,0.0001590457403817936
334,0.0014072710182517767,0.0013000033795833588,0.0001587785252292472
335,0.0013556031044572592,0.001348068006336689,0.00015851066728416605
336,0.0013580834493041039,0.001378029235638678,0.00015824216947580173
337,0.0013562400126829743,0.0012036394327878952,0.00015797303474040324
338,0.0013730868231505156,0.0014270369429141283,0.0001577032660211849
339,0.001346416654996574,0.001144820125773549,0.00015743286626829426
340,0.0012956501450389624,0.0011784948874264956,0.00015716183843877968
341,0.0012979927705600858,0.0013234962243586779,0.00015689018549655805
342,0.0013224181020632386,0.0011081384727731347,0.00015661791041238245
343,0.0012952189426869154,0.0011700533796101809,0.00015634501616380956
344,0.0014095976948738098,0.0013798780273646116,0.00015607150573516718
345,0.0013567550340667367,0.001421008724719286,0.00015579738211752154
346,0.0013666892191395164,0.0013913206057623029,0.00015552264830864457
347,0.0014420257648453116,0.0011447373544797301,0.00015524730731298126
348,0.0013547100825235248,0.0012137624435126781,0.00015497136214161653
349,0.001367927179671824,0.0013162228278815746,0.00015469481581224264
350,0.001355750602670014,0.0012801878619939089,0.00015441767134912588
351,0.0013764307368546724,0.0011053697671741247,0.00015413993178307374
352,0.0014078847598284483,0.0012230065185576677,0.0001538616001514016
353,0.0013766898773610592,0.0010282933944836259,0.0001535826794978996
354,0.0014298090245574713,0.0012331672478467226,0.0001533031728727993
355,0.0013910939451307058,0.0013768909266218543,0.0001530230833327404
356,0.0012806325685232878,0.0014613814419135451,0.00015274241394073722
357,0.0013373086694628,0.0015060256700962782,0.00015246116776614524
358,0.0013087724801152945,0.00143031170591712,0.00015217934788462766
359,0.0013884471263736486,0.0014106937451288104,0.00015189695737812144
360,0.0013164719566702843,0.0014299846952781081,0.00015161399933480397
361,0.0012804674915969372,0.0010608129668980837,0.00015133047684905905
362,0.0013655159855261445,0.002296453109011054,0.0001510463930214432
363,0.001333079650066793,0.0015874626114964485,0.0001507617509586516
364,0.001388343283906579,0.001422733417712152,0.00015047655377348426
365,0.0012413942022249103,0.001890505780465901,0.00015019080458481197
366,0.0012873283121734858,0.0012667475966736674,0.00014990450651754196
367,0.0014248429797589779,0.0012890059733763337,0.0001496176627025841
368,0.0012378179235383868,0.0011824830435216427,0.0001493302762768164
369,0.0012184485094621778,0.0015002129366621375,0.0001490423503830507
370,0.0013187220320105553,0.002270882949233055,0.00014875388816999854
371,0.0012952822726219893,0.0012640111381188035,0.00014846489279223641
372,0.0014116852544248104,0.0013097289483994246,0.00014817536741017144
373,0.0014404599787667394,0.0010479327756911516,0.00014788531519000688
374,0.0012722692918032408,0.0013667058665305376,0.0001475947393037073
375,0.001290927524678409,0.001538373646326363,0.00014730364292896405
376,0.001332086743786931,0.001308355014771223,0.0001470120292491604
377,0.0013098762137815356,0.0012044425820931792,0.0001467199014533369
378,0.001334223779849708,0.0011924710124731064,0.00014642726273615632
379,0.001312056789174676,0.001091711106710136,0.00014613411629786874
380,0.0013905760133638978,0.00123528519179672,0.00014584046534427665
381,0.0013721772702410817,0.0011666897917166352,0.00014554631308669983
382,0.001360142370685935,0.0012211311841383576,0.0001452516627419403
383,0.0011995855020359159,0.0012197335017845035,0.00014495651753224694
384,0.0012949956580996513,0.0011423908872529864,0.00014466088068528058
385,0.0013394944835454226,0.001090282341465354,0.0001443647554340783
386,0.0013706869212910533,0.0013936393661424518,0.00014406814501701848
387,0.0013402822660282254,0.0009598653996363282,0.0001437710526777851
388,0.0011957547394558787,0.001215989701449871,0.00014347348166533238
389,0.0012591008562594652,0.0011758825276046991,0.0001431754352338492
390,0.0013775064144283533,0.0009885926265269518,0.00014287691664272367
391,0.001259795855730772,0.0011624741600826383,0.0001425779291565072
392,0.0013702320866286755,0.001303011318668723,0.00014227847604487905
393,0.0012737601064145565,0.0012120120227336884,0.0001419785605826105
394,0.0013172811595723033,0.0011477492516860366,0.00014167818604952898
395,0.0012941729510203004,0.0012237762566655874,0.00014137735573048225
396,0.0013360907323658466,0.0012820581905543804,0.0001410760729153025
397,0.0013747981283813715,0.0012871368089690804,0.00014077434089877032
398,0.0011965197045356035,0.001319819362834096,0.00014047216298057868
399,0.0012112883850932121,0.0013153525069355965,0.0001401695424652969
400,0.0012845483142882586,0.0010313455713912845,0.00013986648266233444
401,0.0013954557944089174,0.0011864503612741828,0.0001395629868859048
402,0.00143721466884017,0.0014483332633972168,0.0001392590584549891
403,0.0013138804351910949,0.0013294883538037539,0.00013895470069329998
404,0.0013071611756458879,0.0011392298620194197,0.00013864991692924517
405,0.001395754050463438,0.0013444458600133657,0.0001383447104958911
406,0.001321149873547256,0.0009566599619574845,0.00013803908473092641
407,0.001274018082767725,0.0013781249290332198,0.0001377330429766255
408,0.0012184323277324438,0.0013669106410816312,0.00013742658857981199
409,0.0013223655987530947,0.0012347158044576645,0.00013711972489182202
410,0.0012458612909540534,0.0013338272692635655,0.00013681245526846777
411,0.0012269726721569896,0.0009522755281068385,0.00013650478307000055
412,0.001364565221592784,0.0011698635062202811,0.00013619671166107425
413,0.0012753794435411692,0.0009387665195390582,0.00013588824441070847
414,0.0012157264864072204,0.001158718834631145,0.0001355793846922516
415,0.0013283331645652652,0.00145286088809371,0.00013527013588334407
416,0.001269059837795794,0.0016400524182245135,0.00013496050136588126
417,0.0013021910563111305,0.0010538989445194602,0.00013465048452597673
418,0.0012934890110045671,0.0014708597445860505,0.0001343400887539249
419,0.0012066694907844067,0.0011717670131474733,0.00013402931744416424
420,0.001277256291359663,0.0011408573482185602,0.00013371817399524
421,0.0012599388137459755,0.0015635715099051595,0.00013340666180976707
422,0.0012771037872880697,0.0010708181653171778,0.00013309478429439277
423,0.0012236948823556304,0.0012058834545314312,0.0001327825448597597
424,0.0012671243166550994,0.0010044246446341276,0.00013246994692046833
425,0.0012244230601936579,0.0010991977760568261,0.0001321569938950395
426,0.0012099252780899405,0.0011496678926050663,0.0001318436892058775
427,0.0013303991872817278,0.0012485460611060262,0.00013153003627923212
428,0.0012156744487583637,0.0012719824444502592,0.00013121603854516155
429,0.0012506118509918451,0.001094983541406691,0.0001309016994374947
430,0.0012807718012481928,0.0013960470678284764,0.00013058702239379373
431,0.0013079269556328654,0.0009065693593584001,0.00013027201085531628
432,0.0012153886491432786,0.0010973820462822914,0.00012995666826697816
433,0.0012216019676998258,0.001235897303558886,0.00012964099807731533
434,0.0012436164543032646,0.0011546489549800754,0.00012932500373844644
435,0.0013480476336553693,0.0011500684777274728,0.00012900868870603497
436,0.0013233749195933342,0.0010828791419044137,0.00012869205643925138
437,0.0012744757113978267,0.0014086018782109022,0.00012837511040073547
438,0.0012235230533406138,0.0010154686169698834,0.00012805785405655827
439,0.0013618794037029147,0.0011419944930821657,0.00012774029087618443
440,0.001338558504357934,0.0015238163759931922,0.0001274224243324339
441,0.0012351487530395389,0.00113795162178576,0.00012710425790144438
442,0.001212771632708609,0.0010856658918783069,0.00012678579506263292
443,0.001289792126044631,0.0011759938206523657,0.0001264670392986581
444,0.0012284006224945188,0.0010892029386013746,0.00012614799409538192
445,0.0013096380280330777,0.0015568623784929514,0.00012582866294183161
446,0.0012712840689346194,0.0010816967114806175,0.00012550904933016148
447,0.0012142898049205542,0.0011661291355267167,0.00012518915675561478
448,0.0012405149172991514,0.0012550326064229012,0.00012486898871648546
449,0.0012655723839998245,0.0010897606844082475,0.00012454854871407986
450,0.0011705324286594987,0.0010762939928099513,0.0001242278402526786
451,0.0014332986902445555,0.0016737815458327532,0.00012390686683949796
452,0.0012043154565617442,0.0010366422357037663,0.0001235856319846518
453,0.0012057683197781444,0.00139366346411407,0.00012326413920111298
454,0.0012936744606122375,0.0012984741479158401,0.00012294239200467513
455,0.001243269769474864,0.0014363620430231094,0.00012262039391391398
456,0.0011787564726546407,0.0010282702278345823,0.00012229814845014908
457,0.0011487706797197461,0.0013161496026441455,0.00012197565913740527
458,0.0012016815599054098,0.001907270634546876,0.0001216529295023739
459,0.0012355436338111758,0.000936994154471904,0.00012132996307437462
460,0.0012503040488809347,0.0012279849033802748,0.00012100676338531651
461,0.0012577120214700699,0.0014684335328638554,0.00012068333396965961
462,0.0012999649625271559,0.000967745203524828,0.00012035967836437619
463,0.0012157433666288853,0.0011966037563979626,0.00012003580010891208
464,0.0012560731265693903,0.0014688768424093723,0.00011971170274514797
465,0.0012828176841139793,0.0010969869326800108,0.00011938738981736074
466,0.0012481707381084561,0.0011673036497086287,0.00011906286487218463
467,0.0011423769174143672,0.0010334510589018464,0.00011873813145857241
468,0.001237681950442493,0.001050859340466559,0.00011841319312775666
469,0.0012073287507519126,0.0012341492110863328,0.00011808805343321092
470,0.0011777032632380724,0.001331385807134211,0.00011776271593061082
471,0.0012879802379757166,0.0012473217211663723,0.0001174371841777951
472,0.001281806849874556,0.0012669693678617477,0.00011711146173472693
473,0.0012185268569737673,0.0016883942298591137,0.0001167855521634547
474,0.0012032205704599619,0.0013209364842623472,0.00011645945902807333
475,0.0013230773620307446,0.0010979141807183623,0.00011613318589468504
476,0.001252804882824421,0.0013938944321125746,0.00011580673633136056
477,0.0011999865528196096,0.0012276479974389076,0.00011548011390810006
478,0.0012360765831544995,0.0010082575026899576,0.00011515332219679396
479,0.0012360309483483434,0.0012802103301510215,0.00011482636477118413
480,0.0012105082860216498,0.0010367271024733782,0.00011449924520682453
481,0.001216355711221695,0.0010332167148590088,0.00011417196708104236
482,0.0012094425037503242,0.0012901528971269727,0.00011384453397289868
483,0.0012256066547706723,0.001008010352961719,0.00011351694946314962
484,0.0011496513616293669,0.0013380683958530426,0.00011318921713420682
485,0.0012225874233990908,0.0013081248616799712,0.00011286134057009856
486,0.0013925392413511872,0.0012185005471110344,0.00011253332335643036
487,0.001223816187120974,0.001262509380467236,0.00011220516908034594
488,0.001195942284539342,0.001424289308488369,0.00011187688133048794
489,0.0012277057394385338,0.0010941345244646072,0.00011154846369695855
490,0.0012544859200716019,0.0011144339805468917,0.00011121991977128039
491,0.0011490114266052842,0.00201422069221735,0.00011089125314635718
492,0.0012655823957175016,0.0011251474497839808,0.00011056246741643453
493,0.0011910480679944158,0.0011937468079850078,0.00011023356617706045
494,0.0011400056537240744,0.0010863011702895164,0.00010990455302504623
495,0.0012848040787503123,0.0011782305082306266,0.00010957543155842697
496,0.0012568602105602622,0.0009575807489454746,0.00010924620537642231
497,0.001226220279932022,0.0009440655121579766,0.00010891687807939702
498,0.0011800219072028995,0.0011617024429142475,0.00010858745326882164
499,0.0012822506250813603,0.001258921343833208,0.00010825793454723321
500,0.0011233099503442645,0.0013018044410273433,0.00010792832551819554
501,0.0012343915877863765,0.00141369819175452,0.00010759862978626027
502,0.0011981825809925795,0.001292358967475593,0.00010726885095692706
503,0.0012137606972828507,0.0012225386453792453,0.00010693899263660435
504,0.0011222872417420149,0.0010920813074335456,0.00010660905843256988
505,0.0011688078520819545,0.0014781177742406726,0.00010627905195293129
506,0.0012022843584418297,0.0010233767097815871,0.00010594897680658651
507,0.0011966045713052154,0.0019824353512376547,0.0001056188366031845
508,0.0012909078504890203,0.00135652010794729,0.00010528863495308562
509,0.0012207780964672565,0.0011676558060571551,0.00010495837546732217
510,0.0012361500412225723,0.0013454105937853456,0.00010462806175755904
511,0.001173546421341598,0.002402013400569558,0.00010429769743605401
512,0.0012038860004395247,0.001292340806685388,0.00010396728611561838
513,0.0011326257372274995,0.0011491435579955578,0.00010363683140957741
514,0.0011509382165968418,0.0011368881678208709,0.0001033063369317308
515,0.001266264240257442,0.0011565760942175984,0.0001029758062963132
516,0.0012234658934175968,0.001205913140438497,0.00010264524311795475
517,0.0011662206379696727,0.0011180024594068527,0.00010231465101164135
518,0.0011011118767783046,0.001133260317146778,0.00010198403359267534
519,0.001204384258016944,0.0012327802833169699,0.00010165339447663583
520,0.001175590674392879,0.0014711014227941632,0.00010132273727933919
521,0.0011650642845779657,0.001158895087428391,0.00010099206561679962
522,0.0011951825581490993,0.0011951655615121126,0.00010066138310518938
523,0.0012451255461201072,0.0012253600871190429,0.0001003306933607995
524,0.0011890619061887264,0.0012112747645005584,9.999999999999996e-05
525,0.001242026686668396,0.0012623659567907453,9.966930663920047e-05
526,0.0011789394775405526,0.0010431916452944279,9.933861689481056e-05
527,0.0011826201807707548,0.0011080692056566477,9.900793438320035e-05
528,0.0012082443572580814,0.0013138586655259132,9.867726272066076e-05
529,0.0011883698171004653,0.0012025769101455808,9.834660552336414e-05
530,0.0011128978803753853,0.0011426863493397832,9.801596640732461e-05
531,0.0011987927136942744,0.0013700049603357911,9.768534898835858e-05
532,0.0012338326778262854,0.001407914562150836,9.73547568820452e-05
533,0.0011712155537679791,0.001100383116863668,9.702419370368673e-05
534,0.0011830467265099287,0.0014376315521076322,9.669366306826917e-05
535,0.0012409707996994257,0.0010844358475878835,9.636316859042255e-05
536,0.0012314263731241226,0.0011470525059849024,9.603271388438157e-05
537,0.0012095306301489472,0.001209571841172874,9.570230256394592e-05
538,0.001216530567035079,0.0011245571076869965,9.537193824244089e-05
539,0.0011016783537343144,0.0013576661003753543,9.504162453267774e-05
540,0.0011996461544185877,0.0013227221788838506,9.471136504691432e-05
541,0.0011611104710027575,0.0012869283091276884,9.438116339681545e-05
542,0.0012971991673111916,0.0020247066859155893,9.405102319341343e-05
543,0.001224151230417192,0.001097018364816904,9.372094804706867e-05
544,0.0012200779747217894,0.001227645785547793,9.339094156743005e-05
545,0.0012022387236356735,0.001226426917128265,9.30610073633956e-05
546,0.0011588250054046512,0.0010001457994803786,9.273114904307289e-05
547,0.0011781146749854088,0.0014129681512713432,9.24013702137397e-05
548,0.0011742881033569574,0.0014181482838466763,9.207167448180439e-05
549,0.0012055771658197045,0.001051104860380292,9.174206545276679e-05
550,0.0012065485352650285,0.0012497783172875643,9.141254673117827e-05
551,0.0011883627157658339,0.0009698496432974935,9.108312192060291e-05
552,0.0011574910022318363,0.0010649291798472404,9.075379462357763e-05
553,0.0012023196322843432,0.0010455833980813622,9.042456844157296e-05
554,0.001182124251499772,0.0010047308169305325,9.009544697495371e-05
555,0.001129382522776723,0.0012661301298066974,8.976643382293948e-05
556,0.00124493392650038,0.0015063479077070951,8.94375325835654e-05
557,0.0011656226124614477,0.0011514290235936642,8.910874685364272e-05
558,0.0012451277580112219,0.0010136428754776716,8.878008022871954e-05
559,0.0011799641652032733,0.0015476340195164084,8.845153630304138e-05
560,0.0011301609920337796,0.001046531368046999,8.812311866951198e-05
561,0.0011817062040790915,0.0012726588174700737,8.779483091965396e-05
562,0.0011651115491986275,0.0012006241595372558,8.746667664356955e-05
563,0.0011041417019441724,0.0011884650448337197,8.713865942990138e-05
564,0.0011563352309167385,0.001248771557584405,8.68107828657931e-05
565,0.0011356015456840396,0.0008995471289381385,8.64830505368503e-05
566,0.0011203363537788391,0.0012698255013674498,8.615546602710122e-05
567,0.0012130164541304111,0.001378907123580575,8.582803291895759e-05
568,0.0011597300181165338,0.0012036777334287763,8.55007547931754e-05
569,0.0011325348168611526,0.000989869819022715,8.517363522881582e-05
570,0.0011745282681658864,0.0010479966877028346,8.484667780320596e-05
571,0.0011457564542070031,0.0014694221317768097,8.45198860918999e-05
572,0.0011561531573534012,0.0012752526672556996,8.419326366863936e-05
573,0.0011175177060067654,0.0012737468350678682,8.38668141053149e-05
574,0.0011522964341565967,0.0012559207389131188,8.354054097192663e-05
575,0.0012711213203147054,0.0013173907063901424,8.321444783654523e-05
576,0.0011542654829099774,0.0015748091973364353,8.288853826527302e-05
577,0.0011606104671955109,0.0012673320015892386,8.256281582220484e-05
578,0.0011101955315098166,0.0011611656518653035,8.223728406938915e-05
579,0.0011492520570755005,0.0012869389029219747,8.191194656678903e-05
580,0.0012483128812164068,0.0013115968322381377,8.158680687224331e-05
581,0.0011674832785502076,0.0014206193154677749,8.126186854142756e-05
582,0.001134629943408072,0.001020932337269187,8.093713512781535e-05
583,0.0010920660570263863,0.0011310994159430265,8.06126101826392e-05
584,0.0011740841437131166,0.001092805527150631,8.028829725485197e-05
585,0.0012000759597867727,0.001137773972004652,7.99641998910879e-05
586,0.0011093380162492394,0.0010542110539972782,7.964032163562378e-05
587,0.0011398496571928263,0.0013269304763525724,7.931666603034036e-05
588,0.0011141625000163913,0.0011617636773735285,7.899323661468346e-05
589,0.0011752875288948417,0.0012362092966213822,7.867003692562536e-05
590,0.001123919733799994,0.0012205332750454545,7.834707049762607e-05
591,0.0011559365084394813,0.0012236477341502905,7.802434086259473e-05
592,0.0011941207339987159,0.0012236833572387695,7.770185154985088e-05
593,0.0011471019824966788,0.001313420943915844,7.737960608608602e-05
594,0.0011611273512244225,0.0011701227631419897,7.70576079953249e-05
595,0.001209723181091249,0.0014543883735314012,7.673586079888702e-05
596,0.0011219877051189542,0.001094088307581842,7.641436801534822e-05
597,0.0011399878421798348,0.0011671448592096567,7.609313316050204e-05
598,0.0011065936414524913,0.0013254651566967368,7.577215974732143e-05
599,0.0011263552587479353,0.0012050543446093798,7.545145128592014e-05
600,0.0010413351701572537,0.0011533538345247507,7.513101128351458e-05
601,0.00119013839866966,0.0012538525043055415,7.481084324438524e-05
602,0.0010998351499438286,0.00131029833573848,7.449095066983855e-05
603,0.0011172916274517775,0.0010901052737608552,7.417133705816841e-05
604,0.0011041418183594942,0.0011617031414061785,7.385200590461807e-05
605,0.001117406995035708,0.0011367577826604247,7.353296070134191e-05
606,0.001149255782365799,0.001094219391234219,7.32142049373671e-05
607,0.001110834302380681,0.0014232672983780503,7.289574209855566e-05
608,0.0011230226373299956,0.0014042732072994113,7.25775756675661e-05
609,0.001160376938059926,0.0014707783702760935,7.225970912381563e-05
610,0.0011068049352616072,0.00116783007979393,7.194214594344175e-05
611,0.0011081642005592585,0.0012997724115848541,7.162488959926458e-05
612,0.0012216479517519474,0.0012797699309885502,7.130794356074865e-05
613,0.0011172359809279442,0.001129244570620358,7.099131129396509e-05
614,0.0011068190215155482,0.0011293498100712895,7.06749962615536e-05
615,0.0011327003594487906,0.0012672292068600655,7.03590019226847e-05
616,0.0011996239190921187,0.0010771478991955519,7.00433317330219e-05
617,0.0010813007829710841,0.000979333184659481,6.972798914468375e-05
618,0.0011000175727531314,0.0013029674300923944,6.941297760620635e-05
619,0.0011474968632683158,0.0009923272300511599,6.909830056250533e-05
620,0.0010486257961019874,0.0010368697112426162,6.878396145483848e-05
621,0.0011119936825707555,0.0012411604402586818,6.846996372076791e-05
622,0.0011837882921099663,0.0012278652284294367,6.815631079412255e-05
623,0.0011242703767493367,0.0012019939022138715,6.784300610496051e-05
624,0.0011003285180777311,0.001470795483328402,6.753005307953174e-05
625,0.001119332853704691,0.0012397377286106348,6.721745514024029e-05
626,0.0010966714471578598,0.0012023315066471696,6.690521570560722e-05
627,0.0011029650922864676,0.0010643493151292205,6.659333819023297e-05
628,0.0011052524205297232,0.0014801665674895048,6.628182600476e-05
629,0.0010602799011394382,0.001064781565219164,6.597068255583575e-05
630,0.0011147825280204415,0.0011134903179481626,6.565991124607507e-05
631,0.001059840782545507,0.0010795961134135723,6.534951547402326e-05
632,0.0011284847278147936,0.0011010472662746906,6.503949863411871e-05
633,0.0011571684153750539,0.0011014384217560291,6.472986411665594e-05
634,0.001087672309949994,0.0010192636400461197,6.44206153077484e-05
635,0.001127291121520102,0.0010803223121911287,6.411175558929156e-05
636,0.0010819865856319666,0.0011900643585249782,6.380328833892576e-05
637,0.0011384680401533842,0.0010054220911115408,6.349521692999945e-05
638,0.001076250453479588,0.0010212636552751064,6.318754473153226e-05
639,0.0011080262484028935,0.001091086189262569,6.288027510817795e-05
640,0.0010842607589438558,0.0015331562608480453,6.257341142018801e-05
641,0.0011176805710420012,0.0013274563243612647,6.226695702337446e-05
642,0.0011480015236884356,0.001098138396628201,6.196091526907357e-05
643,0.001084722694940865,0.0010033147409558296,6.165528950410888e-05
644,0.0011106462916359305,0.0011790322605520487,6.135008307075482e-05
645,0.0011287984671071172,0.0012646649265661836,6.104529930670001e-05
646,0.0010957730701193213,0.0015129218809306622,6.074094154501092e-05
647,0.0011685643112286925,0.0012426198227331042,6.043701311409521e-05
648,0.0010711618233472109,0.0011432834435254335,6.013351733766553e-05
649,0.0011003612307831645,0.0012094429694116116,5.98304575347031e-05
650,0.001108052907511592,0.0012091310927644372,5.952783701942131e-05
651,0.0011075555812567472,0.0011333089787513018,5.9225659101229686e-05
652,0.00120574701577425,0.001466291374526918,5.892392708469749e-05
653,0.0010949199786409736,0.0015101181343197823,5.862264426951774e-05
654,0.001105945324525237,0.0010882026981562376,5.832181395047102e-05
655,0.0011423598043620586,0.001135947066359222,5.802143941738948e-05
656,0.0011101398849859834,0.0013339828001335263,5.7721523955120906e-05
657,0.0010333561804145575,0.0010660785483196378,5.74220708434928e-05
658,0.0010468544205650687,0.0010567356366664171,5.712308335727632e-05
659,0.001068879384547472,0.0009450700599700212,5.682456476615075e-05
660,0.001181197352707386,0.001129132928326726,5.652651833466759e-05
661,0.0011535169323906302,0.001218216260895133,5.622894732221485e-05
662,0.001103213638998568,0.001440323074348271,5.593185498298149e-05
663,0.001035816385410726,0.0015743095427751541,5.563524456592166e-05
664,0.0011082998244091868,0.0012286115670576692,5.533911931471938e-05
665,0.0011424802942201495,0.0012876668479293585,5.504348246775298e-05
666,0.0010649506002664566,0.00105810456443578,5.4748337258059674e-05
667,0.0011567402398213744,0.0011506308801472187,5.445368691330013e-05
668,0.001111186807975173,0.001043445779941976,5.415953465572334e-05
669,0.0010734787210822105,0.0011320282937958837,5.386588370213126e-05
670,0.0010600208770483732,0.0015892217634245753,5.3572737263843666e-05
671,0.001127219875343144,0.0014939858810976148,5.32800985466631e-05
672,0.0011085353326052427,0.001216198201291263,5.298797075083958e-05
673,0.0011503467103466392,0.0011458134977146983,5.269635707103595e-05
674,0.0010690969647839665,0.0013872728450223804,5.240526069629267e-05
675,0.001045992481522262,0.001086654607206583,5.211468480999311e-05
676,0.0011077660601586103,0.0012761472025886178,5.1824632589828526e-05
677,0.0010935997124761343,0.0011318038450554013,5.1535107207763555e-05
678,0.0010852646082639694,0.001108457800000906,5.124611183000139e-05
679,0.0010323787573724985,0.0012085571652278304,5.09576496169492e-05
680,0.0011422791285440326,0.0009623095393180847,5.066972372318357e-05
681,0.0011307240929454565,0.0013544023968279362,5.0382337297415834e-05
682,0.001036076806485653,0.0009910862427204847,5.0095493482457975e-05
683,0.0010885867523029447,0.0014981669373810291,4.9809195415187975e-05
684,0.001083742012269795,0.00129882397595793,4.952344622651567e-05
685,0.0010489296400919557,0.0012387491296976805,4.9238249041348306e-05
686,0.0010871673002839088,0.001196647877804935,4.8953606978556755e-05
687,0.0010728557826951146,0.001197285600937903,4.8669523150940893e-05
688,0.0011015203781425953,0.0014720577746629715,4.838600066519598e-05
689,0.0010471935383975506,0.001435626414604485,4.8103042621878496e-05
690,0.001082942239008844,0.0012490396620705724,4.7820652115372274e-05
691,0.0010514181340113282,0.001204960746690631,4.753883223385469e-05
692,0.001143687404692173,0.0010411242255941033,4.725758605926272e-05
693,0.0010624618735164404,0.0011070533655583858,4.697691666725953e-05
694,0.0010799163719639182,0.0012141846818849444,4.669682712720063e-05
695,0.0011019579833373427,0.001112861093133688,4.641732050210037e-05
696,0.00109252764377743,0.0011903642443940043,4.6138399848598355e-05
697,0.0011028351727873087,0.0014585937606170774,4.5860068216926206e-05
698,0.0011308994144201279,0.0010904972441494465,4.558232865087406e-05
699,0.0011029425077140331,0.0010312674567103386,4.530518418775734e-05
700,0.0010679950937628746,0.0014881740789860487,4.5028637858383425e-05
701,0.001026432728394866,0.0010962911183014512,4.4752692687018694e-05
702,0.001094516832381487,0.0010694804368540645,4.447735169135534e-05
703,0.001028899452649057,0.001226232387125492,4.4202617882478385e-05
704,0.001061631366610527,0.001058960217051208,4.392849426483276e-05
705,0.001061807619407773,0.001173241762444377,4.365498383619037e-05
706,0.0010998143116012216,0.0011805726680904627,4.338208958761748e-05
707,0.0010301152942702174,0.0015542235923931003,4.310981450344186e-05
708,0.0011442657560110092,0.0013385760830715299,4.283816156122026e-05
709,0.001046098186634481,0.001193544827401638,4.2567133731705655e-05
710,0.0010549294529482722,0.001078579924069345,4.2296733978815005e-05
711,0.0010465648956596851,0.0012740292586386204,4.202696525959667e-05
712,0.0010812649270519614,0.00123585422988981,4.17578305241982e-05
713,0.0011152592487633228,0.0012101532192900777,4.148933271583382e-05
714,0.0011088805040344596,0.0012460253201425076,4.1221474770752705e-05
715,0.0010549259604886174,0.0013376579154282808,4.0954259618206295e-05
716,0.0010423004860058427,0.0011324258521199226,4.068769018041678e-05
717,0.001097363419830799,0.0012677948689088225,4.042176937254471e-05
718,0.0010616232175379992,0.0013331876834854484,4.0156500102657575e-05
719,0.0010130037553608418,0.0013955981703475118,3.98918852716975e-05
720,0.0010552956955507398,0.001211255555972457,3.962792777344996e-05
721,0.0010441701160743833,0.0015930738300085068,3.936463049451176e-05
722,0.0010503135854378343,0.0012299484806135297,3.91019963142599e-05
723,0.0010311102960258722,0.0012223328230902553,3.8840028104819586e-05
724,0.0010614561615511775,0.001225019572302699,3.857872873103323e-05
725,0.0010529054561629891,0.0012942253379151225,3.831810105042891e-05
726,0.0010269932681694627,0.001329746562987566,3.8058147913189225e-05
727,0.0010533161694183946,0.0010679576080292463,3.7798872162119956e-05
728,0.0010613612830638885,0.0011607612250372767,3.754027663261923e-05
729,0.0010828765807673335,0.0011555114760994911,3.728236415264631e-05
730,0.0011052386835217476,0.0012429816415533423,3.7025137542690804e-05
731,0.0010534835746511817,0.0011291519040241838,3.676859961574163e-05
732,0.0010592935141175985,0.001114807091653347,3.651275317725649e-05
733,0.0010600233217701316,0.001088429125957191,3.625760102513104e-05
734,0.001098145148716867,0.0012522750766947865,3.6003145949668394e-05
735,0.001037108013406396,0.0010419304016977549,3.574939073354836e-05
736,0.0010441957274451852,0.001237925374880433,3.549633815179747e-05
737,0.0011403465177863836,0.0013612997718155384,3.524399097175813e-05
738,0.0010631026234477758,0.0009976906003430486,3.499235195305872e-05
739,0.0010498291812837124,0.0014659338630735874,3.474142384758314e-05
740,0.0010711883660405874,0.0011333602014929056,3.449120939944108e-05
741,0.001016375725157559,0.0010630922624841332,3.4241711344937564e-05
742,0.0010491625871509314,0.0011873356997966766,3.39929324125434e-05
743,0.0010443575447425246,0.0010630084434524179,3.374487532286504e-05
744,0.0010613849153742194,0.001386636751703918,3.349754278861521e-05
745,0.001087795477360487,0.0013110233703628182,3.325093751458277e-05
746,0.0010880851186811924,0.001311553525738418,3.300506219760352e-05
747,0.0010009444085881114,0.0012804005527868867,3.275991952653055e-05
748,0.0010862802155315876,0.0012908066855743527,3.251551218220485e-05
749,0.0010547494748607278,0.0011860086815431714,3.2271842837425926e-05
750,0.0010512929875403643,0.0012589659309014678,3.202891415692272e-05
751,0.0010356955463066697,0.0016458275495097041,3.178672879732436e-05
752,0.001076259883120656,0.0011810131836682558,3.154528940713117e-05
753,0.0010399692691862583,0.0012476849369704723,3.1304598626685586e-05
754,0.0010396905709058046,0.0012150100665166974,3.106465908814343e-05
755,0.0010292346123605967,0.0012704753316938877,3.082547341544508e-05
756,0.0010639734100550413,0.0010268427431583405,3.058704422428675e-05
757,0.001042855205014348,0.0013641617260873318,3.0349374122091786e-05
758,0.0010536755435168743,0.001177731086499989,3.0112465707982458e-05
759,0.0010566910495981574,0.0012744253035634756,2.987632157275115e-05
760,0.0010857500601559877,0.0013987087877467275,2.9640944298832346e-05
761,0.001096948515623808,0.00111806346103549,2.9406336460274117e-05
762,0.0009800198022276163,0.0012888896744698286,2.9172500622710304e-05
763,0.0010335303377360106,0.0010744425235316157,2.8939439343332092e-05
764,0.0010463710641488433,0.0010043857619166374,2.8707155170860303e-05
765,0.0010870099067687988,0.0012457905104383826,2.8475650645517442e-05
766,0.001033205189742148,0.0011085732840001583,2.824492829899994e-05
767,0.0009986006189137697,0.0011159521527588367,2.801499065445036e-05
768,0.0010614442871883512,0.001112909521907568,2.7785840226429962e-05
769,0.0010186373256146908,0.0013073115842416883,2.7557479520891108e-05
770,0.0010533572640269995,0.0012466738699004054,2.7329911035149937e-05
771,0.001017100759781897,0.00135735550429672,2.710313725785887e-05
772,0.0010233845096081495,0.0011912673944607377,2.687716066897961e-05
773,0.0010494583984836936,0.0010740698780864477,2.665198373975603e-05
774,0.0011146109318360686,0.0013221240369603038,2.6427608932686866e-05
775,0.0009832917712628841,0.0011728991521522403,2.6204038701499025e-05
776,0.0010699208360165358,0.0012198652839288116,2.598127549112082e-05
777,0.001027813646942377,0.0012079234002158046,2.575932173765502e-05
778,0.0010069122072309256,0.0011908764718100429,2.553817986835229e-05
779,0.0010264267912134528,0.0011226735077798367,2.5317852301584616e-05
780,0.000954293878749013,0.0011064275167882442,2.5098341446819067e-05
781,0.001006921986117959,0.0011956475209444761,2.4879649704591183e-05
782,0.0010253196815028787,0.0011578764533624053,2.4661779466478744e-05
783,0.0011026030406355858,0.0011132642393931746,2.444473311507583e-05
784,0.0010095412144437432,0.001379787689074874,2.4228513023966532e-05
785,0.0009979753522202373,0.0012229678686708212,2.4013121557699164e-05
786,0.0010524486424401402,0.0010476078605279326,2.379856107176021e-05
787,0.001004644320346415,0.001254388364031911,2.358483391254889e-05
788,0.0009823894361034036,0.001188803231343627,2.337194241735108e-05
789,0.0010492968140169978,0.0010298772249370813,2.315988891431412e-05
790,0.0010712204966694117,0.001140111475251615,2.2948675722421066e-05
791,0.0010124088730663061,0.001175298122689128,2.2738305151465648e-05
792,0.0009890001965686679,0.0011906822910532355,2.2528779502026656e-05
793,0.001031400403007865,0.0012338499072939157,2.232010106544306e-05
794,0.0010667317546904087,0.001136571285314858,2.2112272123788748e-05
795,0.0010166502324864268,0.0012692350428551435,2.190529494984782e-05
796,0.0010463763028383255,0.0013527661794796586,2.1699171807089412e-05
797,0.0010651812190189958,0.0011601612204685807,2.1493904949643225e-05
798,0.0010301737347617745,0.001319550909101963,2.1289496622274726e-05
799,0.0010069875279441476,0.0011684746714308858,2.1085949060360654e-05
800,0.0010467736283317208,0.0015723805408924818,2.088326448986447e-05
801,0.0010379473678767681,0.0011324005899950862,2.0681445127312214e-05
802,0.0010397855658084154,0.001343721291050315,2.048049317976809e-05
803,0.000979555887170136,0.0011435140622779727,2.0280410844810425e-05
804,0.0009944732300937176,0.0011712639825418591,2.008120031050753e-05
805,0.0010216865921393037,0.0011223271721974015,1.988286375539391e-05
806,0.0010073476005345583,0.0011917781084775925,1.9685403348446374e-05
807,0.0010701337596401572,0.001210241811349988,1.9488821249060297e-05
808,0.0010478347539901733,0.001106178155168891,1.9293119607025957e-05
809,0.0010375637793913484,0.0012136055156588554,1.909830056250527e-05
810,0.0010129407746717334,0.0013164699776098132,1.8904366246008002e-05
811,0.0009566116495989263,0.0012889355421066284,1.871131877836882e-05
812,0.0009818474063649774,0.001178839011117816,1.8519160270723827e-05
813,0.0010111946612596512,0.001349403872154653,1.8327892824487796e-05
814,0.0010236297966912389,0.0011537187965586782,1.813751853133077e-05
815,0.0010314327664673328,0.0014790607383474708,1.794803947315558e-05
816,0.0010182082187384367,0.0011970892082899809,1.7759457722074775e-05
817,0.001043338910676539,0.001105372211895883,1.7571775340388282e-05
818,0.0010456627933308482,0.0013048743130639195,1.7384994380560455e-05
819,0.0010077225742861629,0.0012066399212926626,1.7199116885198002e-05
820,0.0009581201593391597,0.001164139830507338,1.701414488702741e-05
821,0.0009793802164494991,0.0010336590930819511,1.6830080408872855e-05
822,0.0010062530636787415,0.0011777274776250124,1.6646925463633926e-05
823,0.001046396093443036,0.0011987061006948352,1.6464682054263772e-05
824,0.0010251119965687394,0.0010996111668646336,1.628335217374715e-05
825,0.0009672556188888848,0.0015844573499634862,1.610293780507857e-05
826,0.0010263747535645962,0.0010239019757136703,1.5923440921240643e-05
827,0.0010422877967357635,0.0013279793784022331,1.574486348518254e-05
828,0.0010484321974217892,0.0011511293705552816,1.5567207449798495e-05
829,0.0009698569774627686,0.0013393291737884283,1.539047475790647e-05
830,0.0010298523120582104,0.000923782296013087,1.5214667342226818e-05
831,0.0010412057163193822,0.0010116564808413386,1.5039787125361327e-05
832,0.001031882711686194,0.0012119126040488482,1.4865836019771996e-05
833,0.0009668275015428662,0.0011827306589111686,1.4692815927760275e-05
834,0.0010207887971773744,0.0012215918395668268,1.4520728741446089e-05
835,0.0010156577918678522,0.0013042747741565108,1.4349576342747462e-05
836,0.0010315878316760063,0.0011362683726474643,1.4179360603359504e-05
837,0.0009809925686568022,0.001319413655437529,1.401008338473433e-05
838,0.0010181692196056247,0.0012046056799590588,1.3841746538060408e-05
839,0.000992241082713008,0.0012688594870269299,1.3674351904242633e-05
840,0.0010077676270157099,0.001243531471118331,1.350790131388181e-05
841,0.0010250600753352046,0.0013720670249313116,1.3342396587254958e-05
842,0.0010028708493337035,0.0011417678324505687,1.3177839534295255e-05
843,0.0009968718513846397,0.0012460084399208426,1.3014231954572285e-05
844,0.0010636309161782265,0.0010802096221596003,1.2851575637272282e-05
845,0.0009651434957049787,0.0011523744324222207,1.26898723611787e-05
846,0.0009707899298518896,0.0009489298099651933,1.252912389465266e-05
847,0.0010061057982966304,0.001125178998336196,1.2369331995613663e-05
848,0.0010257976828143,0.0011445865966379642,1.2210498411520253e-05
849,0.0009961267933249474,0.0012925356859341264,1.2052624879351103e-05
850,0.0010761438170447946,0.0011098183458670974,1.1895713125585849e-05
851,0.001010156120173633,0.0011067746672779322,1.173976486618633e-05
852,0.001020135823637247,0.0012133485870435834,1.1584781806577648e-05
853,0.0010186353465542197,0.001199236954562366,1.1430765641629792e-05
854,0.0009886432671919465,0.001214539515785873,1.1277718055638819e-05
855,0.0009163534268736839,0.0013109288411214948,1.1125640722308649e-05
856,0.0009658087510615587,0.0013966744299978018,1.0974535304732568e-05
857,0.0009878466371446848,0.001144962152466178,1.0824403455375286e-05
858,0.0009955563582479954,0.0013519752537831664,1.0675246816054606e-05
859,0.0010094394674524665,0.00103519088588655,1.0527067017923674e-05
860,0.0010104462271556258,0.0011655933922156692,1.0379865681452971e-05
861,0.000988328829407692,0.0012375512160360813,1.023364441641279e-05
862,0.0009857775876298547,0.0011990917846560478,1.0088404821855412e-05
863,0.0009658353519625962,0.0011754794977605343,9.94414848609777e-06
864,0.0010263571748510003,0.0011835484765470028,9.80087698670411e-06
865,0.0010380431776866317,0.0011294068535789847,9.658591890468537e-06
866,0.001051133731380105,0.001099123852327466,9.517294753398064e-06
867,0.001047062105499208,0.001137084560468793,9.376987120695535e-06
868,0.0010171448811888695,0.0011628452921286225,9.237670526742793e-06
869,0.0010039962362498045,0.001174465287476778,9.09934649508375e-06
870,0.0009821283165365458,0.0009676839108578861,8.96201653840788e-06
871,0.0009705729898996651,0.0011722961207851768,8.825682158533532e-06
872,0.0009757121442817152,0.0010884016519412398,8.690344846391729e-06
873,0.0009683187236078084,0.001216166652739048,8.55600608200956e-06
874,0.0009679982904344797,0.0015272643649950624,8.422667334494249e-06
875,0.0010102002415806055,0.0012470766669139266,8.290330062016992e-06
876,0.0009975603315979242,0.001138302031904459,8.158995711797e-06
877,0.0010132062016054988,0.0011149696074426174,8.028665720085659e-06
878,0.0010330325458198786,0.0010657624807208776,7.899341512150892e-06
879,0.0009387342724949121,0.0013224873691797256,7.771024502261525e-06
880,0.0010223129065707326,0.0012371038319543004,7.643716093671825e-06
881,0.0009236421319656074,0.0011407266138121486,7.517417678606107e-06
882,0.0010208849562332034,0.0011875717900693417,7.392130638243665e-06
883,0.0009460259461775422,0.0014786558458581567,7.26785634270346e-06
884,0.0010380421299487352,0.0012115993304178119,7.1445961510293025e-06
885,0.0009681751253083348,0.0012312184553593397,7.022351411174853e-06
886,0.0009862175211310387,0.0012899684952571988,6.9011234599890655e-06
887,0.001039449474774301,0.0013024711515754461,6.7809136232013445e-06
888,0.0009445220930501819,0.0012091841781511903,6.661723215407243e-06
889,0.0009674957254901528,0.001313976477831602,6.5435535400539026e-06
890,0.0009298454970121384,0.001121395849622786,6.4264058894260445e-06
891,0.0009712365572340786,0.001218130113556981,6.3102815446315456e-06
892,0.001041386858560145,0.0014263573102653027,6.195181775587654e-06
893,0.0009701049420982599,0.0011785323731601238,6.081107841007004e-06
894,0.000990773318335414,0.0011957077076658607,5.968060988383882e-06
895,0.0010371784446761012,0.0012464517494663596,5.8560424539805246e-06
896,0.0009934322442859411,0.0014846050180494785,5.745053462813697e-06
897,0.0010192388435825706,0.0014127189060673118,5.635095228641228e-06
898,0.0009885065956041217,0.0013525687390938401,5.526168953948751e-06
899,0.000922966399230063,0.0011911470210179687,5.418275829936535e-06
900,0.0009969784878194332,0.001106315408833325,5.311417036506515e-06
901,0.0010386216454207897,0.0012555307475849986,5.205593742249325e-06
902,0.0010243381839245558,0.0012379145482555032,5.100807104431581e-06
903,0.0009392231586389244,0.0012908726930618286,4.997058268983122e-06
904,0.0009866199688985944,0.001176744932308793,4.894348370484646e-06
905,0.0009467303170822561,0.0013407045044004917,4.792678532155102e-06
906,0.0009558333549648523,0.0012806558515876532,4.692049865839575e-06
907,0.0010073860175907612,0.001023741322569549,4.59246347199702e-06
908,0.0010035597952082753,0.0012465735198929906,4.493920439688314e-06
909,0.0009754413040354848,0.001122563029639423,4.396421846564235e-06
910,0.0010095450561493635,0.0011801663786172867,4.299968758853811e-06
911,0.0009584981016814709,0.0011298222234472632,4.204562231352515e-06
912,0.0009874626994132996,0.001415893668308854,4.110203307410898e-06
913,0.0009448511409573257,0.0012062533060088754,4.016893018922995e-06
914,0.0009323921403847635,0.0012550244573503733,3.924632386315185e-06
915,0.0010005334625020623,0.001246282714419067,3.833422418534959e-06
916,0.0009514836128801107,0.0013427883386611938,3.743264113039934e-06
917,0.001013079658150673,0.0012857001274824142,3.6541584557868596e-06
918,0.001028380123898387,0.0011776769533753395,3.566106421220949e-06
919,0.00096021598437801,0.0012058118591085076,3.479108972265132e-06
920,0.0009728115983307362,0.0012697044294327497,3.393167060309598e-06
921,0.0009791599586606026,0.0011422253446653485,3.3082816252012918e-06
922,0.001027453108690679,0.0011184281902387738,3.2244535952337554e-06
923,0.0009340880787931383,0.0011637795250862837,3.1416838871368916e-06
924,0.0009847127366811037,0.0010956499027088284,3.0599734060669616e-06
925,0.000977860763669014,0.001117951120249927,2.9793230455966924e-06
926,0.001043445779941976,0.0011058206437155604,2.899733687705518e-06
927,0.0009727311553433537,0.001189420116133988,2.8212062027698984e-06
928,0.0009330444154329598,0.001171437674202025,2.743741449553826e-06
929,0.0009815625380724669,0.0011652015382423997,2.667340275199414e-06
930,0.0009719462832435966,0.0011382848024368286,2.5920035152176994e-06
931,0.0009550164686515927,0.001297008479014039,2.517731993479399e-06
932,0.0009670899598859251,0.001230706344358623,2.44452652220598e-06
933,0.0009677089983597398,0.0011108522303402424,2.3723879019607255e-06
934,0.0009565310901962221,0.0012147875968366861,2.301316921640072e-06
935,0.0009906843770295382,0.0013917060568928719,2.231314358464841e-06
936,0.0009730320889502764,0.001069853431545198,2.1623809779718663e-06
937,0.0009841913124546409,0.001114917453378439,2.0945175340055344e-06
938,0.0009126665536314249,0.0012508598156273365,2.0277247687096143e-06
939,0.0009722260292619467,0.0013459610054269433,1.962003412519063e-06
940,0.0009678961359895766,0.0011042020050808787,1.8973541841521325e-06
941,0.0010071460856124759,0.0010769374202936888,1.8337777906023967e-06
942,0.000961230369284749,0.0012521418975666165,1.771274927131138e-06
943,0.0010047154501080513,0.0011179787106812,1.7098462772596291e-06
944,0.000988369807600975,0.0012520869495347142,1.6494925127617621e-06
945,0.0010262686992064118,0.001175068086013198,1.5902142936566321e-06
946,0.0009737960062921047,0.001089203986339271,1.5320122682013536e-06
947,0.0009770204778760672,0.0011919090757146478,1.4748870728839225e-06
948,0.0009431584621779621,0.0012690759031102061,1.4188393324163652e-06
949,0.0010126963024958968,0.0013334850082173944,1.3638696597277668e-06
950,0.0009758435189723969,0.0011206329800188541,1.3099786559576655e-06
951,0.0009820146951824427,0.0010300399735569954,1.2571669104494245e-06
952,0.0009839278645813465,0.0012699379585683346,1.2054350007438699e-06
953,0.0009697790956124663,0.001291978289373219,1.154783492572852e-06
954,0.000995155773125589,0.0011450330493971705,1.105212939853161e-06
955,0.00099217111710459,0.001101311412639916,1.0567238846803987e-06
956,0.0009747652220539749,0.0011526927119120955,1.0093168573231385e-06
957,0.0009542393963783979,0.0011684803757816553,9.629923762170082e-07
958,0.000961668964009732,0.001159626874141395,9.177509479591054e-07
959,0.0009561749757267535,0.0011681716423481703,8.735930673024798e-07
960,0.000952750095166266,0.0010982396779581904,8.305192171506042e-07
961,0.0009476954001002014,0.001108395867049694,7.885298685522229e-07
962,0.0009788592578843236,0.001206018147058785,7.476254806961007e-07
963,0.0009967145742848516,0.0011392347514629364,7.078065009060936e-07
964,0.0009923366596922278,0.001161382650025189,6.690733646361853e-07
965,0.0009922792669385672,0.0011391043663024902,6.314264954657363e-07
966,0.0009843745501711965,0.001039372175000608,5.94866305094865e-07
967,0.0009751279721967876,0.0012550621759146452,5.593931933399849e-07
968,0.0009929172229021788,0.00116125273052603,5.250075481293521e-07
969,0.0009688175050541759,0.0011047640582546592,4.917097454988579e-07
970,0.0010076165199279785,0.0011837000492960215,4.595001495879543e-07
971,0.0010041336063295603,0.0011033783666789532,4.283791126356236e-07
972,0.0010115198092535138,0.001194939948618412,3.9834697497652634e-07
973,0.0009894341928884387,0.0012799218529835343,3.69404065037315e-07
974,0.0009653072338551283,0.0013532406883314252,3.4155069933301495e-07
975,0.0009820385603234172,0.0013564059045165777,3.147871824635714e-07
976,0.0009499362204223871,0.0012474051909521222,2.8911380711051897e-07
977,0.0009939392330124974,0.0012947067152708769,2.64530854033784e-07
978,0.0009597938042134047,0.0011895997449755669,2.4103859206857623e-07
979,0.0009351616026833653,0.001110357465222478,2.186372781225463e-07
980,0.0009822880383580923,0.0012801897246390581,1.973271571728439e-07
981,0.0009670865838415921,0.0012365683214738965,1.7710846226355307e-07
982,0.0010021824855357409,0.0011933533241972327,1.5798141450307207e-07
983,0.0009284712723456323,0.0016672882484272122,1.399462230617486e-07
984,0.0009453786187805235,0.0012104599736630917,1.2300308516951509e-07
985,0.0010349166113883257,0.0012712192256003618,1.0715218611384572e-07
986,0.0009125510114245117,0.0011599335120990872,9.2393699237625e-08
987,0.0009223272791132331,0.0012620575726032257,7.872778593728251e-08
988,0.0009584367508068681,0.0013711475767195225,6.615459566108312e-08
989,0.0009529376402497292,0.0012410104973241687,5.467426590739506e-08
990,0.0010139542864635587,0.0012929352233186364,4.428692222329108e-08
991,0.001002547680400312,0.0011164546012878418,3.4992678203071806e-08
992,0.0009449876379221678,0.001191450865007937,2.6791635487122244e-08
993,0.0009524441557005048,0.0011004394618794322,1.9683883760723812e-08
994,0.000989406369626522,0.0012672541197389364,1.3669500753099571e-08
995,0.0009778866078704596,0.0011165908072143793,8.748552236603749e-09
996,0.0009732794133014977,0.00116919563151896,4.921092025911284e-09
997,0.0009669744758866727,0.0011701926123350859,2.1871619775404283e-09
998,0.0010098363272845745,0.0011120407143607736,5.467919892865319e-10
999,0.0010150515008717775,0.0011671785032376647,0.0
